<assembly
	xmlns="http://maven.apache.org/plugins/maven-assembly-plugin/assembly/1.1.0"
	xmlns:xsi="http://www.w3.org/2001/XMLSchema-instance"
	xsi:schemaLocation="http://maven.apache.org/plugins/maven-assembly-plugin/assembly/1.1.0 http://maven.apache.org/xsd/assembly-1.1.0.xsd">
	<id>with-dependencies</id>
	<formats>
		<format>jar</format>
	</formats>
	<includeBaseDirectory>false</includeBaseDirectory>
	<dependencySets>
		<dependencySet>
			<outputDirectory>/</outputDirectory>
			<useProjectArtifact>true</useProjectArtifact>
			<unpack>true</unpack>
			<scope>runtime</scope>
			<excludes>
				<exclude>io.selendroid:selendroid-server</exclude>
                <exclude>io.selendroid:android-driver-app</exclude>
			</excludes>
		</dependencySet>
		<dependencySet>
			<outputDirectory>/prebuild</outputDirectory>
			<useProjectArtifact>true</useProjectArtifact>
			<unpack>false</unpack>
			<scope>runtime</scope>
			<includes>
				<include>io.selendroid:selendroid-server</include>
                <include>io.selendroid:android-driver-app</include>
			</includes>
		</dependencySet>
	</dependencySets>
</assembly>